{
  "constants": [
    "alpha",
    "e",
    "G_F",
    "sin2_theta_W",
    "alpha_s",
    "Lambda_QCD",
    "theta_QCD",
    "G",
    "m_e",
    "m_mu",
    "m_tau",
    "m_u",
    "m_d",
    "m_c",
    "Lambda_cosmo"
  ],
  "effective_rank": 10,
  "eigenvalues": [
    5.820801,
    2.593827,
    2.165621,
    1.035113,
    0.910696,
    0.53878,
    0.423081,
    0.350428,
    0.306754,
    0.26904
  ],
  "cumulative_variance": [
    0.388053,
    0.560975,
    0.70535,
    0.774358,
    0.835071,
    0.870989,
    0.899195,
    0.922557,
    0.943007,
    0.960943
  ],
  "prediction_match": false
}